pan,expiry_month,expiry_year
5300003472283092,4,2028
4242426162259243,1,2027
4000003644510436,5,2026
5100000727650648,5,2029
4242422412723377,2,2026
4111113399706505,8,2025
5200008697541969,3,2026
4000003671601769,7,2027
4242427076679757,10,2028
4242425233675825,5,2025
4242426582006182,8,2026
5300008235725016,12,2029
5300003047527437,8,2028
4111119694542081,9,2028
4111119641221037,10,2029
4242429307801036,9,2029
5200008999984966,4,2026
4242428381153165,12,2027
5300002183470741,8,2025
4111111843894349,10,2026
4000005960874460,3,2026
5200009775799503,2,2025
4242428697915869,4,2028
5300006448381262,7,2027
4242426888850515,9,2029
4111110866007995,4,2025
4111114102598700,7,2028
5200004601210668,4,2028
4111117463032680,8,2027
5300005454346425,11,2027
